{
  "workload": "training",
  "n_seeds": 6,
  "num_jobs": 50,
  "mean_off": 6.217003023758779,
  "mean_on": 15.048424773153057,
  "mean_delta_pp": 8.831421749394275,
  "ci_lo": 5.778062898841767,
  "ci_hi": 11.665025653487787,
  "verdict": "SIGNIFICANT (+)",
  "per_seed_delta": [
    11.483220785845518,
    14.095419458191216,
    8.415478811278627,
    7.0919517503374045,
    9.784393362496946,
    2.118066328215943
  ]
}