{
  "fraction_rows_with_gpu_energy": 1.0,
  "has_gpu_energy_signal": true,
  "overall": {
    "e2e_latency_ms": {
      "count": 8735,
      "max": 286944.360751,
      "mean": 65310.82238116566,
      "min": 3396.819841,
      "p25": 14821.1087525,
      "p50": 35579.92998,
      "p75": 121432.49561499999,
      "p90": 158572.9136972,
      "p95": 170665.3902761,
      "p99": 189236.02398941998
    },
    "energy_kwh_llm_cpu": {
      "count": 8735,
      "max": 1.7642405875863843e-06,
      "mean": 3.898106982024901e-08,
      "min": 0.0,
      "p25": 1.0113056461726625e-08,
      "p50": 2.4336324097949597e-08,
      "p75": 7.141489356851628e-08,
      "p90": 9.073402489124421e-08,
      "p95": 1.0288438054372686e-07,
      "p99": 1.1209600163953146e-07
    },
    "energy_kwh_llm_gpu": {
      "count": 8735,
      "max": 0.0004800503444479,
      "mean": 0.00010464246869042967,
      "min": 7.359527447819709e-06,
      "p25": 2.5456883186764192e-05,
      "p50": 5.768295398652553e-05,
      "p75": 0.0001918221159307,
      "p90": 0.00025073252145882,
      "p95": 0.0002714129721865099,
      "p99": 0.0003012215215480219
    },
    "energy_kwh_llm_total": {
      "count": 8735,
      "max": 0.0004802117398117,
      "mean": 0.00010468144976024937,
      "min": 7.374696337626434e-06,
      "p25": 2.5464484536347018e-05,
      "p50": 5.769896793317967e-05,
      "p75": 0.00019189853720935,
      "p90": 0.00025082336552868,
      "p95": 0.00027149940156605994,
      "p99": 0.0003013226819088379
    },
    "prompt_token_length": {
      "count": 8735,
      "max": 185,
      "mean": 23.045105895821408,
      "min": 10,
      "p25": 16.0,
      "p50": 19.0,
      "p75": 25.0,
      "p90": 35.0,
      "p95": 46.0,
      "p99": 82.0
    },
    "request_output_throughput_tps": {
      "count": 8735,
      "max": 5.769075447968709,
      "mean": 2.8620214026951656,
      "min": 2.6025208245859717,
      "p25": 2.7366394561510345,
      "p50": 2.8380248995086483,
      "p75": 2.9293375613768156,
      "p90": 3.0238363734574625,
      "p95": 3.1167584736659206,
      "p99": 3.3442238783633162
    },
    "response_token_length": {
      "count": 8735,
      "max": 746,
      "mean": 165.08826559816828,
      "min": 2,
      "p25": 28.0,
      "p50": 83.0,
      "p75": 318.0,
      "p90": 419.0,
      "p95": 449.2999999999993,
      "p99": 497.65999999999985
    },
    "tpot_proxy_ms_per_token": {
      "count": 8735,
      "max": 384.2428427672956,
      "mean": 350.5774870121783,
      "min": 173.338,
      "p25": 341.3741090100111,
      "p50": 352.3577260273973,
      "p75": 365.411672254902,
      "p90": 368.74116758760107,
      "p95": 369.86195711098884,
      "p99": 371.486159694516
    },
    "ttft_proxy_ms": {
      "count": 8735,
      "max": 41168.334,
      "mean": 5105.3295830566685,
      "min": 2254.93,
      "p25": 3536.565,
      "p50": 4238.77,
      "p75": 5508.7395,
      "p90": 7728.272,
      "p95": 10058.348,
      "p99": 18011.605919999995
    }
  },
  "rows_with_nonzero_gpu_energy": 8735,
  "subgroup_counts": {
    "hardware_tier=workstation": 8735,
    "model=gemma:7b": 8735,
    "prompt_dataset=alpaca": 8735
  }
}