{
  "config_name": "train_queue_details",
  "e2e_overall": {
    "count": 38509,
    "max": 101.31584739196114,
    "mean": 9.411119175725034,
    "median": 4.715731036034413,
    "min": 0.04251663596369326,
    "missing": 0,
    "p90": 25.365234888042323,
    "p95": 37.75994534790516,
    "p99": 62.817378957988694
  },
  "insufficient_sample_groups": [
    "e2e@prompt_bin=[800,3200)",
    "e2e@queue_depth_bin=[20,100)"
  ],
  "kv_util_vs_latency_correlation_proxy": {
    "[0.0,0.1)": 9.366687010642197,
    "[0.1,0.4)": 10.286105734540609
  },
  "output_tokens_distribution": null,
  "per_instance_type_latency": {
    "e2e": {
      "qwen2.5-14b_v100": {
        "count": 6246,
        "flags": [],
        "max": 18.478059930959716,
        "mean": 3.284198064630952,
        "median": 2.2421356345294043,
        "min": 0.07487142505124211,
        "missing": 0,
        "p90": 7.617882161983289,
        "p95": 10.303858562954701,
        "p99": 15.990780096966773
      },
      "qwen2.5-3b_a30": {
        "count": 6648,
        "flags": [],
        "max": 10.718425282044336,
        "mean": 2.2147360830445724,
        "median": 1.5718364485073835,
        "min": 0.04251663596369326,
        "missing": 0,
        "p90": 4.995404193061404,
        "p95": 6.28928393998649,
        "p99": 9.80203951895237
      },
      "qwen2.5-3b_p100": {
        "count": 10699,
        "flags": [],
        "max": 101.31584739196114,
        "mean": 20.509647649024554,
        "median": 15.341414975002408,
        "min": 0.29413667297922075,
        "missing": 0,
        "p90": 45.93980089202523,
        "p95": 57.25551891711075,
        "p99": 87.56066787603777
      },
      "qwen2.5-72b_a100": {
        "count": 4339,
        "flags": [],
        "max": 44.607810024986975,
        "mean": 10.15038302175293,
        "median": 7.953227884019725,
        "min": 0.14654369000345469,
        "missing": 0,
        "p90": 22.008361291955225,
        "p95": 29.668753769947216,
        "p99": 43.3156198929064
      },
      "qwen2.5-7b_a30": {
        "count": 10577,
        "flags": [],
        "max": 21.468365143984556,
        "mean": 6.022585763253323,
        "median": 5.442283665994182,
        "min": 0.07883929496165365,
        "missing": 0,
        "p90": 12.599010737030767,
        "p95": 15.28989210294094,
        "p99": 20.510269522899762
      }
    },
    "tpot": {
      "qwen2.5-14b_v100": {
        "count": 6246,
        "flags": [],
        "max": 0.06187579136652251,
        "mean": 0.015381865288623169,
        "median": 0.015569678031095342,
        "min": 4.017559279288564e-06,
        "missing": 0,
        "p90": 0.016963385173228894,
        "p95": 0.017405462971681197,
        "p99": 0.01836455053028961
      },
      "qwen2.5-3b_a30": {
        "count": 6648,
        "flags": [],
        "max": 0.02212629524001386,
        "mean": 0.010150439185085711,
        "median": 0.010200050928497207,
        "min": 4.055607132613659e-06,
        "missing": 0,
        "p90": 0.010377425296852986,
        "p95": 0.010469271827989237,
        "p99": 0.010893040344837988
      },
      "qwen2.5-3b_p100": {
        "count": 10699,
        "flags": [],
        "max": 0.18775103470709706,
        "mean": 0.09085244127438827,
        "median": 0.09281515435483355,
        "min": 0.024979048351933424,
        "missing": 0,
        "p90": 0.0985565935386918,
        "p95": 0.10115659772371874,
        "p99": 0.11272634251013477
      },
      "qwen2.5-72b_a100": {
        "count": 4339,
        "flags": [],
        "max": 0.05239426218904555,
        "mean": 0.041817252964255425,
        "median": 0.04206295226357696,
        "min": 0.023423757675724726,
        "missing": 0,
        "p90": 0.0427304273676675,
        "p95": 0.04295697943938496,
        "p99": 0.04360706836902943
      },
      "qwen2.5-7b_a30": {
        "count": 10577,
        "flags": [],
        "max": 0.03973578086255917,
        "mean": 0.019910665704369446,
        "median": 0.02005365744770233,
        "min": 3.906000139457839e-06,
        "missing": 0,
        "p90": 0.020574626350549585,
        "p95": 0.0207639134929715,
        "p99": 0.0213320055715615
      }
    },
    "ttft": {
      "qwen2.5-14b_v100": {
        "count": 6246,
        "flags": [],
        "max": 0.3396191570209339,
        "mean": 0.0539378336860722,
        "median": 0.048007655481342226,
        "min": 0.02550197101663798,
        "missing": 0,
        "p90": 0.07925377401988953,
        "p95": 0.09610511199571192,
        "p99": 0.1526461800094694
      },
      "qwen2.5-3b_a30": {
        "count": 6648,
        "flags": [],
        "max": 0.19446369004435837,
        "mean": 0.02507181432751743,
        "median": 0.022457573446445167,
        "min": 0.014782876009121537,
        "missing": 0,
        "p90": 0.0356758990092203,
        "p95": 0.04443290492054075,
        "p99": 0.06613015697803348
      },
      "qwen2.5-3b_p100": {
        "count": 10699,
        "flags": [],
        "max": 1.131923318025656,
        "mean": 0.20615417993250484,
        "median": 0.1565907549811527,
        "min": 0.07515688904095441,
        "missing": 0,
        "p90": 0.41148683393839747,
        "p95": 0.5261570520233363,
        "p99": 0.7223427050048485
      },
      "qwen2.5-72b_a100": {
        "count": 4339,
        "flags": [],
        "max": 0.26931226602755487,
        "mean": 0.08165801738428115,
        "median": 0.07692503498401493,
        "min": 0.04630130890291184,
        "missing": 0,
        "p90": 0.11280542204622179,
        "p95": 0.13948275102302432,
        "p99": 0.1799872029805556
      },
      "qwen2.5-7b_a30": {
        "count": 10577,
        "flags": [],
        "max": 0.2653456999687478,
        "mean": 0.04728485269609936,
        "median": 0.04184741305653006,
        "min": 0.025075507001020014,
        "missing": 0,
        "p90": 0.07052360801026225,
        "p95": 0.0891755879856646,
        "p99": 0.13650551706086844
      }
    }
  },
  "per_kv_util_bin_latency": {
    "[0.0,0.1)": {
      "count": 36648,
      "max": 101.31584739196114,
      "mean": 9.366687010642197,
      "median": 4.597287859942298,
      "min": 0.04251663596369326,
      "missing": 0,
      "p90": 25.572412022040226,
      "p95": 38.0914515129989,
      "p99": 63.79492812696844
    },
    "[0.1,0.4)": {
      "count": 1861,
      "max": 44.01172146201134,
      "mean": 10.286105734540609,
      "median": 8.032795373932458,
      "min": 0.15981911204289645,
      "missing": 0,
      "p90": 22.274859137949534,
      "p95": 31.23701144102961,
      "p99": 43.33141265902668
    }
  },
  "per_prompt_bin_latency": {
    "[0,50)": {
      "count": 25299,
      "max": 101.31584739196114,
      "mean": 9.395751768786724,
      "median": 4.6173718250356615,
      "min": 0.060015430906787515,
      "missing": 0,
      "p90": 25.39134929399006,
      "p95": 38.0765568530187,
      "p99": 63.00416563695762
    },
    "[200,800)": {
      "count": 5161,
      "max": 99.42933985497802,
      "mean": 8.872336026901587,
      "median": 4.486024830024689,
      "min": 0.07133385201450437,
      "missing": 0,
      "p90": 23.086942932917736,
      "p95": 35.16172049299348,
      "p99": 58.26064419397153
    },
    "[50,200)": {
      "count": 7960,
      "max": 100.29137224901933,
      "mean": 9.758097964143817,
      "median": 5.1341247070231475,
      "min": 0.04251663596369326,
      "missing": 0,
      "p90": 26.515020399005152,
      "p95": 36.951147121959366,
      "p99": 64.01457582099829
    },
    "[800,3200)": {
      "count": 89,
      "flags": [
        "INSUFFICIENT_SAMPLE_P99"
      ],
      "max": 98.91820547205862,
      "mean": 13.989643932989893,
      "median": 7.386811273987405,
      "min": 0.13326118094846606,
      "missing": 0,
      "p90": 37.58196110301651,
      "p95": 55.84973594592884,
      "p99": null
    }
  },
  "per_queue_depth_bin_latency": {
    "[0,1)": {
      "count": 3247,