{
  "fraction_rows_with_gpu_energy": 1.0,
  "has_gpu_energy_signal": true,
  "overall": {
    "e2e_latency_ms": {
      "count": 161,
      "max": 3250656.912748,
      "mean": 649994.1380467701,
      "min": 12786.596894,
      "p25": 231005.560928,
      "p50": 525416.089011,
      "p75": 851318.827208,
      "p90": 1280839.262758,
      "p95": 1657842.435913,
      "p99": 2657212.9821928004
    },
    "energy_kwh_llm_cpu": {
      "count": 161,
      "max": 1.3715122891540163e-05,
      "mean": 2.7422977149696557e-06,
      "min": 4.20168176673154e-08,
      "p25": 9.966314893333912e-07,
      "p50": 2.2364388276568912e-06,
      "p75": 3.7134783337324656e-06,
      "p90": 5.383493697190918e-06,
      "p95": 7.016141237776357e-06,
      "p99": 1.1101488173167025e-05
    },
    "energy_kwh_llm_gpu": {
      "count": 161,
      "max": 0.0219943641295856,
      "mean": 0.004400504698014513,
      "min": 0.0001303564885675,
      "p25": 0.0016489210183405,
      "p50": 0.0035557546781374,
      "p75": 0.0058443770367516,
      "p90": 0.0086558550989872,
      "p95": 0.0112827182387904,
      "p99": 0.01772186933106138
    },
    "energy_kwh_llm_total": {
      "count": 161,
      "max": 0.0220080792524772,
      "mean": 0.004403246995729482,
      "min": 0.0001303985053852,
      "p25": 0.0016498494001324,
      "p50": 0.0035579479371132,
      "p75": 0.0058480905150853,
      "p90": 0.0086611955958618,
      "p95": 0.0112898773477197,
      "p99": 0.01773297081923454
    },
    "prompt_token_length": {
      "count": 161,
      "max": 1831,
      "mean": 126.99378881987577,
      "min": 13,
      "p25": 40.0,
      "p50": 52.0,
      "p75": 146.0,
      "p90": 316.0,
      "p95": 393.0,
      "p99": 592.2000000000005
    },
    "request_output_throughput_tps": {
      "count": 161,
      "max": 0.6657325108075015,
      "mean": 0.5259306202893445,
      "min": 0.43920909681097137,
      "p25": 0.5163018495685239,
      "p50": 0.5276122261182922,
      "p75": 0.5350371011104597,
      "p90": 0.5433447385115486,
      "p95": 0.5513070608321031,
      "p99": 0.5612655201633667
    },
    "response_token_length": {
      "count": 161,
      "max": 1585,
      "mean": 330.0372670807453,
      "min": 5,
      "p25": 121.0,
      "p50": 268.0,
      "p75": 443.0,
      "p90": 644.0,
      "p95": 845.0,
      "p99": 1318.6
    },
    "tpot_proxy_ms_per_token": {
      "count": 161,
      "max": 2276.8198729508194,
      "mean": 1904.1552051988558,
      "min": 1502.1048,
      "p25": 1869.0292653061224,
      "p50": 1895.3313636363637,
      "p75": 1936.8514771653545,
      "p90": 1980.959143274854,
      "p95": 2017.0069573002754,
      "p99": 2090.4209966877793
    },
    "ttft_proxy_ms": {
      "count": 161,
      "max": 42813.93,
      "mean": 8601.538614906833,
      "min": 5075.638,
      "p25": 5125.167,
      "p50": 5775.388,
      "p75": 7439.421,
      "p90": 11291.421,
      "p95": 29217.753,
      "p99": 42690.523400000005
    }
  },
  "rows_with_nonzero_gpu_energy": 161,
  "subgroup_counts": {
    "hardware_tier=workstation": 161,
    "model=codellama:70b": 161,
    "prompt_dataset=codefeedback": 161
  }
}