{
  "by_gpu": {
    "a100": 0.07770689501194283,
    "a30": 0.03618036105763167,
    "p100": 0.15715731447562575,
    "v100": 0.04898911097552627
  },
  "by_model_gpu": {
    "14b|v100": 0.04898911097552627,
    "3b|a30": 0.022743222070857882,
    "3b|p100": 0.15715731447562575,
    "72b|a100": 0.07770689501194283,
    "7b|a30": 0.04243302496615797
  },
  "fit_row_count": 61460,
  "global_p50_s": 0.05436746450141072,
  "model_version": "cara_ttft_p50_shadow_prior_v1",
  "subgroup_counts": {
    "14b|v100|[0,50)": 6704,
    "14b|v100|[200,800)": 1301,
    "14b|v100|[50,200)": 2135,
    "14b|v100|[800,3200)": 23,
    "3b|a30|[0,50)": 6787,
    "3b|a30|[200,800)": 1352,
    "3b|a30|[50,200)": 2087,
    "3b|a30|[800,3200)": 17,
    "3b|p100|[0,50)": 11128,
    "3b|p100|[200,800)": 2334,
    "3b|p100|[50,200)": 3486,
    "3b|p100|[800,3200)": 44,
    "72b|a100|[0,50)": 4594,
    "72b|a100|[200,800)": 936,
    "72b|a100|[50,200)": 1424,
    "72b|a100|[800,3200)": 16,
    "7b|a30|[0,50)": 11133,
    "7b|a30|[200,800)": 2332,
    "7b|a30|[50,200)": 3584,
    "7b|a30|[800,3200)": 43
  },
  "table_p50_s": {
    "14b|v100|[0,50)": 0.04437848902307451,
    "14b|v100|[200,800)": 0.0844871400622651,
    "14b|v100|[50,200)": 0.0553244249895215,
    "14b|v100|[800,3200)": 0.1766647199401632,
    "3b|a30|[0,50)": 0.020894096000120044,
    "3b|a30|[200,800)": 0.038936401484534144,
    "3b|a30|[50,200)": 0.024483390036039054,
    "3b|a30|[800,3200)": 0.07196789106819779,
    "3b|p100|[0,50)": 0.1400225554825738,
    "3b|p100|[200,800)": 0.4386677209986374,
    "3b|p100|[50,200)": 0.19345561653608456,
    "3b|p100|[800,3200)": 0.9183711719815619,
    "72b|a100|[0,50)": 0.07204708299832419,
    "72b|a100|[200,800)": 0.12256773404078558,
    "72b|a100|[50,200)": 0.08200732344994321,
    "72b|a100|[800,3200)": 0.22203382448060438,
    "7b|a30|[0,50)": 0.03932807198725641,
    "7b|a30|[200,800)": 0.07664422603556886,
    "7b|a30|[50,200)": 0.04530746547970921,
    "7b|a30|[800,3200)": 0.15997086896095425
  }
}