{
  "fraction_rows_with_gpu_energy": 1.0,
  "has_gpu_energy_signal": true,
  "overall": {
    "e2e_latency_ms": {
      "count": 3109,
      "max": 1423248.654326,
      "mean": 9459.535846995497,
      "min": 311.497538,
      "p25": 3712.720204,
      "p50": 6832.775923,
      "p75": 10703.338286,
      "p90": 15847.849018400006,
      "p95": 20473.3399616,
      "p99": 32610.98967540003
    },
    "energy_kwh_llm_cpu": {
      "count": 3109,
      "max": 8.753085153059296e-06,
      "mean": 6.955533179443662e-08,
      "min": 0.0,
      "p25": 2.8391306185100483e-08,
      "p50": 5.307405660506553e-08,
      "p75": 8.091665716353326e-08,
      "p90": 1.1416052599159152e-07,
      "p95": 1.4585297378982345e-07,
      "p99": 2.485001257394411e-07
    },
    "energy_kwh_llm_gpu": {
      "count": 3109,
      "max": 0.0271471894233693,
      "mean": 0.00018182323205649184,
      "min": 9.269419533676573e-06,
      "p25": 7.269491100874212e-05,
      "p50": 0.0001320496835294,
      "p75": 0.0002058700870113,
      "p90": 0.0003040139092090002,
      "p95": 0.0003929050903387,
      "p99": 0.0006241394636172044
    },
    "energy_kwh_llm_total": {
      "count": 3109,
      "max": 0.0271557023419457,
      "mean": 0.00018189278738828767,
      "min": 9.269419533676573e-06,
      "p25": 7.271937912916447e-05,
      "p50": 0.0001320965807493,
      "p75": 0.0002059501563536,
      "p90": 0.00030413297472652013,
      "p95": 0.00039305744959897994,
      "p99": 0.0006243633975480565
    },
    "prompt_token_length": {
      "count": 3084,
      "max": 1975,
      "mean": 101.31193255512322,
      "min": 5,
      "p25": 29.0,
      "p50": 40.0,
      "p75": 120.0,
      "p90": 259.0,
      "p95": 372.8499999999999,
      "p99": 631.3400000000001
    },
    "request_output_throughput_tps": {
      "count": 3109,
      "max": 63.243906449613576,
      "mean": 49.47082249044623,
      "min": 40.74637372873498,
      "p25": 48.710302031071244,
      "p50": 49.47500573891111,
      "p75": 49.99351187143728,
      "p90": 51.57584901962125,
      "p95": 52.66986753227756,
      "p99": 56.21518801721087
    },
    "response_token_length": {
      "count": 3109,
      "max": 59134,
      "mean": 428.25313605660983,
      "min": 5,
      "p25": 169.0,
      "p50": 319.0,
      "p75": 498.0,
      "p90": 729.2000000000003,
      "p95": 924.0,
      "p99": 1467.800000000001
    },
    "tpot_proxy_ms_per_token": {
      "count": 3109,
      "max": 24.542061255742727,
      "mean": 20.24497607596151,
      "min": 15.8118,
      "p25": 20.002595588235295,
      "p50": 20.212226053639846,
      "p75": 20.52953807106599,
      "p90": 21.052269813667703,
      "p95": 21.50436688964358,
      "p99": 22.699106313904267
    },
    "ttft_proxy_ms": {
      "count": 3109,
      "max": 3285.025,
      "mean": 256.6350665808942,
      "min": 21.342,
      "p25": 162.668,
      "p50": 165.973,
      "p75": 240.446,
      "p90": 515.0470000000003,
      "p95": 620.4964,
      "p99": 1068.4762400000004
    }
  },
  "rows_with_nonzero_gpu_energy": 3109,
  "subgroup_counts": {
    "hardware_tier=workstation": 3109,
    "model=codellama:7b": 3109,
    "prompt_dataset=codefeedback": 3109
  }
}