{
  "config_name": "train_flat",
  "e2e_overall": {
    "count": 76825,
    "max": 101.65379430004396,
    "mean": 9.366780191743294,
    "median": 4.741659366060048,
    "min": 0.04251663596369326,
    "missing": 0,
    "p90": 24.953313849051483,
    "p95": 37.12914006994106,
    "p99": 62.55072464002296
  },
  "insufficient_sample_groups": [
    "e2e@kv_util_bin=[0.4,0.7)"
  ],
  "kv_util_vs_latency_correlation_proxy": {
    "[0.0,0.1)": 9.31601247111822,
    "[0.1,0.4)": 10.274272739405735,
    "[0.4,0.7)": 12.246215821476653
  },
  "output_tokens_distribution": null,
  "per_instance_type_latency": {
    "e2e": {
      "qwen2.5-14b_v100": {
        "count": 12736,
        "flags": [],
        "max": 18.513790537952445,
        "mean": 3.3546197868027736,
        "median": 2.2396368295303546,
        "min": 0.06444815406575799,
        "missing": 0,
        "p90": 7.899167496943846,
        "p95": 10.571484257932752,
        "p99": 15.995370556949638
      },
      "qwen2.5-3b_a30": {
        "count": 12784,
        "flags": [],
        "max": 11.063263305928558,
        "mean": 2.235045541058319,
        "median": 1.5994460330111906,
        "min": 0.04251663596369326,
        "missing": 0,
        "p90": 4.996064996928908,
        "p95": 6.26892769895494,
        "p99": 9.919123540981673
      },
      "qwen2.5-3b_p100": {
        "count": 21291,
        "flags": [],
        "max": 101.65379430004396,
        "mean": 20.22352066211934,
        "median": 14.826024924055673,
        "min": 0.2872978480299935,
        "missing": 0,
        "p90": 45.58382600697223,
        "p95": 57.167293886072,
        "p99": 87.75331187795382
      },
      "qwen2.5-72b_a100": {
        "count": 8630,
        "flags": [],
        "max": 45.42745288298465,
        "mean": 10.162088048766108,
        "median": 8.00530299503589,
        "min": 0.14654369000345469,
        "missing": 0,
        "p90": 21.973659219918773,
        "p95": 29.562099043978378,
        "p99": 43.3517779399408
      },
      "qwen2.5-7b_a30": {
        "count": 21384,
        "flags": [],
        "max": 22.45456150593236,
        "mean": 6.080613082259371,
        "median": 5.499942540016491,
        "min": 0.07883929496165365,
        "missing": 0,
        "p90": 12.801280979067087,
        "p95": 15.31015027500689,
        "p99": 20.61198567703832
      }
    },
    "tpot": {
      "qwen2.5-14b_v100": {
        "count": 12736,
        "flags": [],
        "max": 0.06187579136652251,
        "mean": 0.015537425907667629,
        "median": 0.01567670009945747,
        "min": 3.8364184244225425e-06,
        "missing": 0,
        "p90": 0.01725609930453159,
        "p95": 0.01781646758015983,
        "p99": 0.018887168009920668
      },
      "qwen2.5-3b_a30": {
        "count": 12784,
        "flags": [],
        "max": 0.033579961579692154,
        "mean": 0.010177111576451478,
        "median": 0.010204417865787727,
        "min": 4.022573453507253e-06,
        "missing": 0,
        "p90": 0.01042306172168648,
        "p95": 0.010556919457898899,
        "p99": 0.011304085806477815
      },
      "qwen2.5-3b_p100": {
        "count": 21291,
        "flags": [],
        "max": 0.2291262287471909,
        "mean": 0.08935362376867322,
        "median": 0.09232324380081991,
        "min": 4.147732397541404e-06,
        "missing": 0,
        "p90": 0.09860606024994922,
        "p95": 0.10165999941818882,
        "p99": 0.11357986657614154
      },
      "qwen2.5-72b_a100": {
        "count": 8630,
        "flags": [],
        "max": 0.05791372578177187,
        "mean": 0.041937743444184494,
        "median": 0.04211509552182642,
        "min": 0.019763727590907366,
        "missing": 0,
        "p90": 0.04298298655702928,
        "p95": 0.043314178351482206,
        "p99": 0.04438302697836543
      },
      "qwen2.5-7b_a30": {
        "count": 21384,
        "flags": [],
        "max": 0.04782461057350572,
        "mean": 0.020014378326964392,
        "median": 0.020091264999974538,
        "min": 3.906000139457839e-06,
        "missing": 0,
        "p90": 0.020831590843150467,
        "p95": 0.0212673537577663,
        "p99": 0.02205893068451443
      }
    },
    "ttft": {
      "qwen2.5-14b_v100": {
        "count": 12736,
        "flags": [],
        "max": 0.3496633660979569,
        "mean": 0.05550378036543096,
        "median": 0.04895816545467824,
        "min": 0.02428382495418191,
        "missing": 0,
        "p90": 0.08193512097932398,
        "p95": 0.10047996893990785,
        "p99": 0.16675161896273494
      },
      "qwen2.5-3b_a30": {
        "count": 12784,
        "flags": [],
        "max": 0.28527571610175073,
        "mean": 0.02578203838742723,
        "median": 0.022750108561012894,
        "min": 0.014344758936204016,
        "missing": 0,
        "p90": 0.03690682095475495,
        "p95": 0.047151228063739836,
        "p99": 0.07170974498149008
      },
      "qwen2.5-3b_p100": {
        "count": 21291,
        "flags": [],
        "max": 1.5034952439600602,
        "mean": 0.21108055771425618,
        "median": 0.1570550969336182,
        "min": 0.07515688904095441,
        "missing": 0,
        "p90": 0.41695252899080515,
        "p95": 0.5426301130792126,
        "p99": 0.7647130010882393
      },
      "qwen2.5-72b_a100": {
        "count": 8630,
        "flags": [],
        "max": 0.3480517980642617,
        "mean": 0.08352617511813348,
        "median": 0.07767173100728542,
        "min": 0.045377255068160594,
        "missing": 0,
        "p90": 0.11797172401566058,
        "p95": 0.14652371895499527,
        "p99": 0.1955139070050791
      },
      "qwen2.5-7b_a30": {
        "count": 21384,
        "flags": [],
        "max": 0.3713983290363103,
        "mean": 0.048671958993984174,
        "median": 0.04240255797049031,
        "min": 0.02502620208542794,
        "missing": 0,
        "p90": 0.07353284093551338,
        "p95": 0.09371498599648476,
        "p99": 0.15157510107383132
      }
    }
  },
  "per_kv_util_bin_latency": {
    "[0.0,0.1)": {
      "count": 72759,
      "max": 101.65379430004396,
      "mean": 9.31601247111822,
      "median": 4.612791299936362,
      "min": 0.04251663596369326,
      "missing": 0,
      "p90": 25.189627680112608,
      "p95": 37.57665123103652,
      "p99": 63.51689783006441
    },
    "[0.1,0.4)": {
      "count": 4064,
      "max": 45.42745288298465,
      "mean": 10.274272739405735,
      "median": 8.164889001986012,
      "min": 0.15981911204289645,
      "missing": 0,
      "p90": 22.027916977065615,
      "p95": 30.392320550978184,
      "p99": 43.40492462099064
    },
    "[0.4,0.7)": {
      "count": 2,
      "flags": [
        "INSUFFICIENT_SAMPLE_P99"
      ],
      "max": 17.526956864981912,
      "mean": 12.246215821476653,
      "median": 12.246215821476653,
      "min": 6.965474777971394,
      "missing": 0,
      "p90": 17.526956864981912,
      "p95": 17.526956864981912,
      "p99": null
    }
  },
  "per_prompt_bin_latency": {
    "[0,50)": {
      "count": 50409,
      "max": 101.31584739196114,
      "mean": 9.379080535462169,
      "median": 4.684167890925892,
      "min": 0.060015430906787515,
      "missing": 0,
      "p90": 25.20450691599399,
      "p95": 37.75742971501313,
      "p99": 63.12878564791754
    },
    "[200,800)": {
      "count": 10288,
      "max": 99.46431524096988,
      "mean": 8.816077155294893,
      "median": 4.409434809000231,
      "min": 0.060072746011428535,
      "missing": 0,
      "p90": 22.831501931068487,
      "p95": 34.93629332096316,
      "p99": 60.3327391120838
    },
    "[50,200)": {
      "count": 15946,
      "max": 101.65379430004396,
      "mean": 9.620196496739304,
      "median": 5.103600002476014,
      "min": 0.04251663596369326,
      "missing": 0,
      "p90": 25.506028097006492,
      "p95": 36.22323392704129,
      "p99": 62.171422443003394
    },
    "[800,3200)": {
      "count": 182,
      "max": 98.91820547205862,