{
  "fraction_rows_with_gpu_energy": 1.0,
  "has_gpu_energy_signal": true,
  "overall": {
    "e2e_latency_ms": {
      "count": 5099,
      "max": 19583.60946,
      "mean": 4048.073903788586,
      "min": 250.597744,
      "p25": 841.3056240000001,
      "p50": 2023.487243,
      "p75": 7643.1646755,
      "p90": 10129.4941818,
      "p95": 10969.4210845,
      "p99": 12113.820609959992
    },
    "energy_kwh_llm_cpu": {
      "count": 5099,
      "max": 5.582448737301126e-06,
      "mean": 1.3696459511649066e-06,
      "min": 1.02826494368881e-08,
      "p25": 2.3031781030870313e-07,
      "p50": 6.57077714053456e-07,
      "p75": 2.6465142270247122e-06,
      "p90": 3.5411676224847635e-06,
      "p95": 3.8450647906602344e-06,
      "p99": 4.234656210985616e-06
    },
    "energy_kwh_llm_gpu": {
      "count": 5099,
      "max": 0.0003248091763582,
      "mean": 9.669980829915773e-05,
      "min": 1.1785211701194443e-05,
      "p25": 2.5985761792957786e-05,
      "p50": 5.197262576884693e-05,
      "p75": 0.00017652198885705,
      "p90": 0.00023203777310889997,
      "p95": 0.00025012516752648994,
      "p99": 0.0002753004665554259
    },
    "energy_kwh_llm_total": {
      "count": 5099,
      "max": 0.0003291621434415,
      "mean": 9.806945425032266e-05,
      "min": 1.1819666962596942e-05,
      "p25": 2.6218200788199563e-05,
      "p50": 5.261716319087948e-05,
      "p75": 0.00017913678665655,
      "p90": 0.000235615865369,
      "p95": 0.0002540418503435,
      "p99": 0.00027953295654369596
    },
    "prompt_token_length": {
      "count": 5099,
      "max": 185,
      "mean": 22.55599137085703,
      "min": 10,
      "p25": 16.0,
      "p50": 19.0,
      "p75": 25.0,
      "p90": 35.0,
      "p95": 44.0,
      "p99": 80.0
    },
    "request_output_throughput_tps": {
      "count": 5099,
      "max": 97.508653893033,
      "mean": 43.61546428114801,
      "min": 37.31641655782712,
      "p25": 42.15326274338748,
      "p50": 43.11267155707259,
      "p75": 44.51441519112653,
      "p90": 45.954803778798784,
      "p95": 47.021740948402766,
      "p99": 50.99718103132472
    },
    "response_token_length": {
      "count": 5099,
      "max": 700,
      "mean": 160.60031378701706,
      "min": 2,
      "p25": 27.0,
      "p50": 77.0,
      "p75": 312.5,
      "p90": 415.0,
      "p95": 448.0,
      "p99": 492.0199999999995
    },
    "tpot_proxy_ms_per_token": {
      "count": 5099,
      "max": 26.797857142857143,
      "mean": 22.98824383986115,
      "min": 10.2555,
      "p25": 22.464633040935674,
      "p50": 23.19503672316384,
      "p75": 23.722956064108836,
      "p90": 24.058134441790294,
      "p95": 24.21931947658624,
      "p99": 24.44967437767679
    },
    "ttft_proxy_ms": {
      "count": 5099,
      "max": 432.048,
      "mean": 233.209454598941,
      "min": 136.339,
      "p25": 217.26999999999998,
      "p50": 230.468,
      "p75": 248.27550000000002,
      "p90": 253.94639999999998,
      "p95": 257.3557,
      "p99": 320.03579999999994
    }
  },
  "rows_with_nonzero_gpu_energy": 5099,
  "subgroup_counts": {
    "hardware_tier=laptop": 5099,
    "model=gemma:7b": 5099,
    "prompt_dataset=alpaca": 5099
  }
}