{
  "numeric_distributions": {
    "duration_ms": {
      "overall": {
        "count": 9903,
        "max": 77765116.64795876,
        "mean": 18939.56092091795,
        "min": 0.0,
        "p50": 27.576923370361328,
        "p90": 4862.498044967651,
        "p95": 12125.71096420288,
        "p99": 116123.59094619751
      },
      "per_event_type": {
        "completed": {
          "count": 2137,
          "max": 399091.5410518646,
          "mean": 4353.64351140934,
          "min": 5.136966705322266,
          "p50": 125.06103515625,
          "p90": 5973.868846893311,
          "p95": 19383.4969997406,
          "p99": 121020.76315879822
        },
        "failed": {
          "count": 124,
          "max": 900584.6729278564,
          "mean": 25398.608403821145,
          "min": 7.519960403442383,
          "p50": 421.4639663696289,
          "p90": 25374.51982498169,
          "p95": 82283.47301483154,
          "p99": 518159.4569683075
        },
        "reconciled": {
          "count": 7,
          "max": 77765116.64795876,
          "mean": 22117406.604903083,
          "min": 111527.87399291992,
          "p50": 471027.5671482086,
          "p90": 75149328.97996902,
          "p95": 77765116.64795876,
          "p99": 77765116.64795876
        },
        "stage": {
          "count": 5373,
          "max": 398989.9799823761,
          "mean": 3775.0720155543063,
          "min": 0.7309913635253906,
          "p50": 33.27488899230957,
          "p90": 5606.72402381897,
          "p95": 18704.4198513031,
          "p99": 125308.40611457825
        },
        "started": {
          "count": 2262,
          "max": 0.0,
          "mean": 0.0,
          "min": 0.0,
          "p50": 0.0,
          "p90": 0.0,
          "p95": 0.0,
          "p99": 0.0
        }
      },
      "per_stage": {
        "accepted": {
          "count": 145,
          "max": 430.10616302490234,
          "mean": 33.640927281872976,
          "min": 5.870819091796875,
          "p50": 19.947052001953125,
          "p90": 57.42287635803223,
          "p95": 104.72297668457031,
          "p99": 239.7158145904541
        },
        "affinity_rejected": {
          "count": 3,
          "max": 16.443967819213867,
          "mean": 14.589389165242514,
          "min": 13.634204864501953,
          "p50": 13.689994812011719,
          "p90": 16.443967819213867,
          "p95": 16.443967819213867,
          "p99": 16.443967819213867
        },
        "affinity_warning": {
          "count": 142,
          "max": 151677.77585983276,
          "mean": 24267.442100484604,
          "min": 72.78990745544434,
          "p50": 806.1649799346924,
          "p90": 125783.66994857788,
          "p95": 129218.98102760315,
          "p99": 149112.70904541016
        },
        "artifacts_published": {
          "count": 694,
          "max": 398989.9799823761,
          "mean": 11269.318121310956,
          "min": 11.287927627563477,
          "p50": 2958.3070278167725,
          "p90": 24993.664026260376,
          "p95": 32117.37608909607,
          "p99": 133563.32993507385
        },
        "completed": {
          "count": 2137,
          "max": 399091.5410518646,
          "mean": 4353.64351140934,
          "min": 5.136966705322266,
          "p50": 125.06103515625,
          "p90": 5973.868846893311,
          "p95": 19383.4969997406,
          "p99": 121020.76315879822
        },
        "executing": {
          "count": 2259,
          "max": 35883.70084762573,
          "mean": 68.51429113934346,
          "min": 0.7309913635253906,
          "p50": 19.23084259033203,
          "p90": 57.07597732543945,
          "p95": 399.43885803222656,
          "p99": 487.5960350036621
        },
        "execution_completed": {
          "count": 2133,
          "max": 396089.9109840393,
          "mean": 4152.333177203479,
          "min": 1.386880874633789,
          "p50": 56.578874588012695,
          "p90": 5759.346961975098,
          "p95": 19326.255083084106,
          "p99": 121407.19389915466
        },
        "failed": {
          "count": 121,
          "max": 900584.6729278564,
          "mean": 26027.96424715972,
          "min": 7.519960403442383,
          "p50": 430.51600456237793,
          "p90": 25374.51982498169,
          "p95": 82283.47301483154,
          "p99": 518159.4569683075
        },
        "started": {
          "count": 2262,
          "max": 0.0,
          "mean": 0.0,
          "min": 0.0,
          "p50": 0.0,
          "p90": 0.0,
          "p95": 0.0,
          "p99": 0.0
        },
        "startup_reconciled": {
          "count": 7,
          "max": 77765116.64795876,
          "mean": 22117406.604903083,
          "min": 111527.87399291992,
          "p50": 471027.5671482086,
          "p90": 75149328.97996902,
          "p95": 77765116.64795876,
          "p99": 77765116.64795876
        }
      }
    },
    "payload_bytes": {
      "count": 9903,
      "max": 4492,
      "mean": 158.15298394425932,
      "min": 31,
      "p50": 109,
      "p90": 425,
      "p95": 458,
      "p99": 492
    }
  },
  "per_operation_event_count": {
    "max_events_per_op": 8,
    "mean_events_per_op": 4.377984084880636,
    "min_events_per_op": 2,
    "p50_events_per_op": 4,
    "p95_events_per_op": 5,
    "unique_operations": 2262
  },
  "raw_row_count": 9903,
  "subgroup_counts": {
    "event_type": {
      "completed": 2137,
      "failed": 124,
      "reconciled": 7,
      "stage": 5373,
      "started": 2262
    },
    "stage": {
      "accepted": 145,
      "affinity_rejected": 3,
      "affinity_warning": 142,
      "artifacts_published": 694,
      "completed": 2137,
      "executing": 2259,
      "execution_completed": 2133,
      "failed": 121,
      "started": 2262,
      "startup_reconciled": 7
    },
    "status": {
      "cancelled": 7,
      "error": 124,
      "ok": 2137,
      "running": 7635
    }
  }
}