{
  "numeric_distributions": {
    "duration_ms": {
      "overall_tool_results": {
        "count": 7041,
        "max": 900586.0521879513,
        "mean": 476.37803822711555,
        "min": 0.2873339981306344,
        "p50": 4.7445420059375465,
        "p90": 58.076333021745086,
        "p95": 400.12612500140676,
        "p99": 2457.7517398865893
      },
      "per_status": {
        "accepted": {
          "count": 34,
          "max": 431.5040649380535,
          "mean": 75.41708714287618,
          "min": 10.755570023320615,
          "p50": 31.543052988126874,
          "p90": 198.38729698676616,
          "p95": 345.7923489622772,
          "p99": 431.5040649380535
        },
        "error": {
          "count": 604,
          "max": 900586.0521879513,
          "mean": 2378.2529674352745,
          "min": 0.3228330169804394,
          "p50": 1.5012910007499158,
          "p90": 7.586791005451232,
          "p95": 9.08412499120459,
          "p99": 655.3394169968669
        },
        "ok": {
          "count": 6392,
          "max": 133998.1398259988,
          "mean": 299.6096147570845,
          "min": 0.2873339981306344,
          "p50": 5.0037080072797835,
          "p90": 60.279886005446315,
          "p95": 415.4621249981574,
          "p99": 3342.8592580603436
        },
        "running": {
          "count": 11,
          "max": 6.672531948424876,
          "mean": 4.012394188479944,
          "min": 0.9562940103933215,
          "p50": 6.430541048757732,
          "p90": 6.486899917945266,
          "p95": 6.672531948424876,
          "p99": 6.672531948424876
        }
      },
      "per_tool": {
        "alignment_manifest": {
          "count": 199,
          "max": 707.4279169974034,
          "mean": 16.718278834395363,
          "min": 0.2873339981306344,
          "p50": 0.7017499883659184,
          "p90": 49.61758805438876,
          "p95": 59.0369519777596,
          "p99": 357.4215439148247
        },
        "backend_status": {
          "count": 526,
          "max": 3342.8592580603436,
          "mean": 105.18785868679993,
          "min": 0.3552089910954237,
          "p50": 30.659999989438802,
          "p90": 56.21287500252947,
          "p95": 598.4676249936456,
          "p99": 2157.298682956025
        },
        "bind_time_series_source": {
          "count": 139,
          "max": 741.8966670011287,
          "mean": 36.488716653922445,
          "min": 0.8688750094734132,
          "p50": 3.9549170178361237,
          "p90": 60.75181602500379,
          "p95": 84.1466800775379,
          "p99": 645.9889999969164
        },
        "chatgpt_agent_protocol": {
          "count": 217,
          "max": 1299.6876020915806,
          "mean": 73.25966746459461,
          "min": 0.37379199056886137,
          "p50": 10.683583037462085,
          "p90": 179.84358395915478,
          "p95": 366.55650000466267,
          "p99": 716.2340829963796
        },
        "execution_status": {
          "count": 1319,
          "max": 2416.551908943802,
          "mean": 33.043758429548696,
          "min": 0.3228330169804394,
          "p50": 13.105166959576309,
          "p90": 50.319946953095496,
          "p95": 135.10819105431437,
          "p99": 349.1576669985079
        },
        "forecast_observables": {
          "count": 748,
          "max": 133998.1398259988,
          "mean": 1279.1807508970537,
          "min": 0.7449999975506216,
          "p50": 3.2389169791713357,
          "p90": 47.511417000350775,
          "p95": 557.4831659978372,
          "p99": 10501.76441599615
        },
        "foundry_agent_instructions": {
          "count": 214,
          "max": 754.1352080006618,
          "mean": 35.24433985336426,
          "min": 1.3875000004190952,
          "p50": 8.526749967131764,
          "p90": 50.72000902146101,
          "p95": 59.77616796735674,
          "p99": 634.3542920003529
        },
        "granite_timeseries_forecast": {
          "count": 161,
          "max": 623.4340000009979,
          "mean": 15.251304938862875,
          "min": 0.7410839898511767,
          "p50": 2.3806669923942536,
          "p90": 5.786541965790093,
          "p95": 6.706833024509251,
          "p99": 458.7297089965432
        },
        "granite_timeseries_status": {
          "count": 192,
          "max": 4938.0032130284235,
          "mean": 1004.7901163404327,
          "min": 1.2084170011803508,
          "p50": 461.7722079856321,
          "p90": 4508.36438999977,
          "p95": 4538.927868939936,
          "p99": 4781.893695006147
        },
        "host_diagnostics": {
          "count": 172,
          "max": 7921.786758932285,
          "mean": 354.02498038340474,
          "min": 0.3472079988569021,
          "p50": 35.814750008285046,
          "p90": 75.04170900210738,
          "p95": 896.22862500255,
          "p99": 6936.827086028643
        },
        "ising_state_decode": {
          "count": 7,
          "max": 1.537917007226497,
          "mean": 1.1037620050566537,
          "min": 0.8990000060293823,
          "p50": 1.0222920100204647,
          "p90": 1.308042003074661,
          "p95": 1.537917007226497,
          "p99": 1.537917007226497
        },
        "ising_state_status": {
          "count": 7,
          "max": 1.6322089941240847,
          "mean": 1.3863391442490476,
          "min": 1.086915988707915,
          "p50": 1.416375016560778,
          "p90": 1.5436250250786543,
          "p95": 1.6322089941240847,
          "p99": 1.6322089941240847
        },
        "optimize_schedule": {
          "count": 324,
          "max": 755.0718329948722,
          "mean": 18.162564926941695,
          "min": 0.7177919906098396,
          "p50": 2.598167018732056,
          "p90": 8.416917000431567,
          "p95": 12.803542020265013,
          "p99": 604.9439999987953
        },
        "record_operational_evidence": {
          "count": 42,
          "max": 678.9696669948171,
          "mean": 78.53549836379769,
          "min": 1.455499994335696,
          "p50": 10.035458020865917,
          "p90": 361.2354159995448,
          "p95": 475.79379200033145,
          "p99": 678.9696669948171
        },
        "reference_signal_fusion": {
          "count": 19,
          "max": 423.7310200696811,
          "mean": 112.70747489853468,
          "min": 31.35041700443253,
          "p50": 101.86225804500282,
          "p90": 121.23056699056178,
          "p95": 163.49110391456634,
          "p99": 423.7310200696811
        },
        "state_decode": {
          "count": 140,
          "max": 749.8493749953923,
          "mean": 22.05139106189173,
          "min": 0.7883749785833061,
          "p50": 2.904334047343582,
          "p90": 6.49545801570639,
          "p95": 47.62762499740347,
          "p99": 600.4029579999042
        },
        "state_decoder_status": {
          "count": 154,
          "max": 1120.7415179815143,
          "mean": 82.55042497108224,
          "min": 0.8683750056661665,
          "p50": 3.344167023897171,
          "p90": 387.8789589944063,
          "p95": 805.4887589532882,
          "p99": 817.1608650591224
        },
        "surface_affinity": {
          "count": 313,
          "max": 957.7319169984548,
          "mean": 47.42578407740148,
          "min": 0.8367499976884574,
          "p50": 16.984916990622878,
          "p90": 63.349750940687954,
          "p95": 89.24151491373777,
          "p99": 566.2466249996214
        },
        "training_stage_finalize": {
          "count": 161,
          "max": 345.6672920001438,
          "mean": 8.238884832808932,
          "min": 0.40804201853461564,
          "p50": 0.8298750035464764,
          "p90": 1.3944589882157743,
          "p95": 1.6855000285431743,
          "p99": 275.54712499841116
        },
        "training_stage_plan": {
          "count": 174,
          "max": 616.0930840051151,
          "mean": 64.74194237601547,
          "min": 1.452458993298933,
          "p50": 3.894333989592269,